54885240,b,Branch,d,03-08-2001,A,123,ASDFGH
30650634,b,Branch,d,03-09-0987,a,123,afqf
27283640,b,Branch,d,03-303-2222,a,123,ad
54516540,b,Branch,d,2-2-2222,a,1223,adf
23608759,b,Branch,d,2-2-2222,a,123,asd
72721307,Arfaat,Branch,#rd,03-08-2001,A+,123,Mumbai
38735436,Arfaat,Branch,3rd,03-08-2001,A+,8104526876,"Mumbai Central, Mumbai"
86801140,b,Branch,d,2,a,2,sd
3796579,b,Branch,d,2,sa,12,ad
39114230,b,Branch,d,12,a,12345,Mumbai
73195624,b,Branch,d,1,a,1,a
18828978,b,Branch,d,1,a,1,a
46340086,b,Branch,d,1,a,1,a
13315927,b,Branch,d,1,a,1,a
70924447,b,Branch,d,1,a,1,a
19664114,b,Branch,d,1,a,1,a
10132517,b,Branch,d,1,a,1,a
29610490,b,Branch,d,1,a,1,a
58051957,Arfaat,Branch,3rd,03-08-2001,A+,8104526876,Mumbai
52474375,Arfaat,Branch,3rd,03-08-2001,A+,8104526876,Mumbai
22933378,Arfaat,Branch,3rd,03-08-2001,A+,8104526876,Mumbai
22197705,b,Branch,d,1,a,1,a
28102030,B,Branch,D,1,A,1,A
27727047,B,Branch,D,1,A,1,A
33806697,B,Branch,D,1,A,1,A
72419949,B,Branch,C,1,A,1A,1
36802289,ac,Branch,ac,12,a,1,a
22400523,b,Branch,d,1,a,1,a
33389569,b,Branch,d,1,a,1,a
66864447,Arfaat,Branch,3rd,03-08-2001,A+,8104526876,Mumbai
86426316,b,Branch,d,1,a,1,a
68415445,b,Branch,d,1,a,1,a
31778080,b,Branch,d,1,a,1,a
42193128,Arfaat Hashmi,Branch,#rd,03-08-2001,A+,8104526876,Mumbai Central
25045117,Arfaat,Branch,4th,03-08-2001,A+,8104526876,Mumbai Central
47045342,a,Branch,a,1,a,1,a
8523806,a,Branch,d,1,v,2,v
